/2021/04/26/migration-stack-developpement/                                                      /posts/2021-04-26-migration-stack-developpement.html
/2020/01/02/generate-pdfs-on-amazon-aws-with-php-and-puppeteer/                                 /posts/2020-01-02-generate-pdfs-on-amazon-aws-with-php-and-puppeteer.html
/_posts/2020-01-02-generate-pdfs-on-amazon-aws-with-php-and-puppeteer.html                      /posts/2020-01-02-generate-pdfs-on-amazon-aws-with-php-and-puppeteer.html
/2021/05/04/migration-to-github-native-dependabot-solutions-for-auto-merge-and-action-secrets/  /posts/2021-05-04-migration-to-github-native-dependabot-solutions-for-auto-merge-and-action-secrets.html
/2021/05/04/migration-to-github-native-dependabot-solutions-for-auto-merge-and-action-secrets   /posts/2021-05-04-migration-to-github-native-dependabot-solutions-for-auto-merge-and-action-secrets.html
/2022/01/07/doctrine-setmaxresults-and-collections-associations-are-on-a-boat/                  /posts/2022-01-07-doctrine-setmaxresults-and-collections-associations-are-on-a-boat.html
/feed.atom                    /rss.xml
/tag/                         /tags.html
/tag/aws                      /tags/aws.html
/tag/aws/                     /tags/aws.html
/tag/docker                   /tags/docker.html
/tag/docker/                  /tags/docker.html
/tag/chrome                   /tags/chrome.html
/tag/chrome/                  /tags/chrome.html
/tag/symfony%20cli            /tags/symfony-cli.html
/tag/symfony%20cli/           /tags/symfony-cli.html
/tags/symfony%20cli.html      /tags/symfony-cli.html
/tag/database                 /tags/database.html
/tag/database/                /tags/database.html
/tag/dependencies             /tags/dependencies.html
/tag/dependencies/            /tags/dependencies.html
/tag/dependabot               /tags/dependabot.html
/tag/dependabot/              /tags/dependabot.html
/tag/node.js                  /tags/node.js.html
/tag/node.js/                 /tags/node.js.html
/tag/php                      /tags/php.html
/tag/php/                     /tags/php.html
/tag/github                   /tags/github.html
/tag/github/                  /tags/github.html
/tag/doctrine                 /tags/doctrine.html
/tag/doctrine/                /tags/doctrine.html
/tag/browsershot              /tags/browsershot.html
/tag/browsershot/             /tags/browsershot.html
/tag/virtual%20machine        /tags/virtual-machine.html
/tag/virtual%20machine/       /tags/virtual-machine.html
/tags/virtual%20machine.html  /tags/virtual-machine.html
